{"ground_truth_mu": 0.94, "case": null, "problem_dimension": 2, "total_number_of_events": 99216, "p_b": 0.91, "theta": 0, "L": 2, "generator": "normal", "background_distribution": {"name": "Gaussian", "mu": [0, 0], "sigma": [1, 1]}, "signal_from_background": true, "signal_sigma_scale": 0.3, "systematics": [], "train_comment": "", "test_comment": "", "box_center": [2.0, 0.0], "signal_center": [2.0009639117437117, 0.0008768974523574114], "background_center": [-0.0011297095086083668, -0.0019490372535704021], "signal_center_biased": [2.0009639117437117, 0.0008768974523574114], "background_center_biased": [-0.0011297095086083668, -0.0019490372535704021]}