{
    "rmse": 0.1888796668311653,
    "mae": 0.3620786894193772,
    "coverage_score": 0.36086602165725296
}