{
    "rmse": 0.18823693182248907,
    "mae": 0.35798552478325335,
    "ben_sascha": 0.3522945900681292
}