{
    "delta_mu_hats": [
        0.15231935306806665,
        0.12669760361228144,
        0.1477438763591712,
        0.12501901798610415,
        0.13026673201836658,
        0.11039639881845265,
        0.13043514486681218,
        0.12444526899015018,
        0.12975056465956358,
        0.11910633452721808
    ],
    "mu_hats": [
        7.022769274396065,
        0.5495227730530453,
        5.7718163976532235,
        0.40474768309253456,
        1.4703758709216568,
        -2.9303851643065646,
        1.3043277059415819,
        0.4355419106594977,
        1.6623799908214687,
        -0.7433692843492584
    ],
    "p16": [
        6.799302359661341,
        0.3607523869517463,
        5.568191430842694,
        0.21417460555921972,
        1.2814668966324652,
        -3.0882747581790086,
        1.1148424906094712,
        0.2630335647651912,
        1.4704176987403401,
        -0.9161112277373625
    ],
    "p84": [
        6.841942106858544,
        0.3991635986911361,
        5.599254390141433,
        0.2568190975731284,
        1.3176269187894902,
        -3.0631404473518344,
        1.1476019478235182,
        0.28929849762981663,
        1.506572298249703,
        -0.8844787774623267
    ]
}