{
    "rmse": 975171.3553520186,
    "mae": 1931.0087375202688,
    "coverage_score": 207127859110.57843
}