{
    "mu_hat": 1.3639604677939885,
    "delta_mu_hat": 0.12475539005615825,
    "mae_mu": 1.9840855899195453,
    "mse_mu": 6.115336346463495,
    "mae_delta_mu": 2.009036667930777,
    "mse_delta_mu": 6.1538453818703305,
    "coverage_mu": 0.1,
    "coverage_C": 0.0,
    "score1_mae": 3.993122257850322,
    "score1_mse": 12.269181728333827
}