{
    "mu_hat": 2.461586317580794,
    "delta_mu_hat": 0.1265382405200025,
    "mae_mu": 2.264006694548576,
    "mse_mu": 8.579125899807567,
    "mae_delta_mu": 2.314621990756577,
    "mse_delta_mu": 8.896194145268149,
    "coverage_mu": 0.0,
    "coverage_C": 0.0,
    "score1_mae": 4.578628685305153,
    "score1_mse": 17.475320045075716
}