{
    "mu_hat": 1.6289570828754045,
    "delta_mu_hat": 0.11253714978417655,
    "mae_mu": 1.3096792322751327,
    "mse_mu": 2.32710674267742,
    "mae_delta_mu": 1.3321866622319678,
    "mse_delta_mu": 2.420113218163111,
    "coverage_mu": 0.1,
    "coverage_C": 0.0,
    "score1_mae": 2.6418658945071005,
    "score1_mse": 4.747219960840531
}