{
    "mu_hat": -0.21871999608526155,
    "delta_mu_hat": 0.0808437639114836,
    "mae_mu": 1.6525268667419735,
    "mse_mu": 3.480994398190403,
    "mae_delta_mu": 1.6040206083950832,
    "mse_delta_mu": 3.246499281510489,
    "coverage_mu": 0.0,
    "coverage_C": 0.0,
    "score1_mae": 3.2565474751370567,
    "score1_mse": 6.727493679700892
}