{
    "mu_hat": 1.6303475827519065,
    "delta_mu_hat": 10.3233355839802,
    "mae_mu": 2.3274343232865715,
    "mse_mu": 12.813080347357149,
    "mae_delta_mu": 10.681683166732107,
    "mse_delta_mu": 126.78302263174105,
    "coverage_mu": 1.0,
    "coverage_C": 0.0,
    "score1_mae": 13.009117490018678,
    "score1_mse": 139.5961029790982
}