{
    "mu_hat": 1.3148712035622712,
    "delta_mu_hat": 0.10644754779508687,
    "mae_mu": 2.3993897449175656,
    "mse_mu": 8.106755586013922,
    "mae_delta_mu": 2.399389744917565,
    "mse_delta_mu": 8.127213735425965,
    "coverage_mu": 0.0,
    "coverage_C": 0.0,
    "score1_mae": 4.79877948983513,
    "score1_mse": 16.233969321439886
}