{
    "mu_hat": 2.0505145584414337,
    "delta_mu_hat": 0.11303698364442356,
    "mae_mu": 1.4214483033173952,
    "mse_mu": 3.290788592156833,
    "mae_delta_mu": 1.4666630967751644,
    "mse_delta_mu": 3.479567826647242,
    "coverage_mu": 0.0,
    "coverage_C": 0.0,
    "score1_mae": 2.8881114000925594,
    "score1_mse": 6.7703564188040755
}