{
    "mu_hat": 1.4411518807585587e+17,
    "delta_mu_hat": 1.4411518807585587e+17,
    "mae_mu": 1.4411518807585587e+17,
    "mse_mu": 2.076918743413931e+34,
    "mae_delta_mu": 2.8823037615171174e+17,
    "mse_delta_mu": 8.307674973655724e+34,
    "coverage_mu": 1.0,
    "coverage_C": 0.0,
    "score1_mae": 4.323455642275676e+17,
    "score1_mse": 1.0384593717069655e+35
}