{
    "mu_hat": 1.753817650709554,
    "delta_mu_hat": 4.730099496519762,
    "mae_mu": 1.6466360583752473,
    "mse_mu": 3.892080336276469,
    "mae_delta_mu": 5.418917147229316,
    "mse_delta_mu": 32.782273628883345,
    "coverage_mu": 1.0,
    "coverage_C": 0.0,
    "score1_mae": 7.065553205604564,
    "score1_mse": 36.67435396515982
}