{
    "rmse": 8.221656070399932,
    "mae": 3.77350423482633,
    "ben_sascha": 158540398.72622696
}