{"case": 2, "problem_dimension": 2, "total_number_of_events": 2000, "p_b": 0.9, "theta": 45, "L": 2, "generator": "normal", "background_distribution": {"name": "Gaussian", "mu": [0, 0], "sigma": [1, 1]}, "signal_from_background": true, "signal_sigma_scale": 0.3, "systematics": [{"name": "Translation", "z_magnitude": 0, "alpha": 90}, {"name": "Scaling", "scaling_factor": 1}, {"name": "Box", "box_l": 0}, {"name": "Rotation", "rotation_degree": -45}], "train_comment": "no translation", "test_comment": "no translation", "box_center": [1.4142135623730951, 1.414213562373095], "signal_center": [1.4298222006031975, 1.4366521443562699], "background_center": [0.00018067614643591575, 0.0195581006824652], "signal_center_biased": [2.0129596058457917, 0.022592707305063003], "background_center_biased": [0.07641046344026231, -0.019641992878427942]}