{
    "mu_hats": [
        2.177139186251098,
        2.478718983198686,
        1.8654487555880817,
        1.9418814361524221,
        2.9112319427819506,
        3.0,
        2.36267859073996,
        2.8485616560844553,
        3.0,
        2.050106958055874,
        2.316183589365111,
        1.548331975637427,
        2.429928218663682,
        2.939156197305826,
        1.2877512621964389,
        1.7469966523348497,
        1.9555168779521286,
        2.512738019117341,
        3.0,
        2.2940607807308937,
        1.845830415855851,
        2.026615967336312,
        1.752307053988137,
        2.981805419439621,
        2.8814939970478974,
        3.0,
        3.0,
        1.7915205439257278,
        3.0,
        2.8788004614580873,
        2.5516732347324895,
        2.4591006434664555,
        2.459958655960655,
        1.729117527117888,
        3.0,
        1.892023953381387,
        2.767364417825414,
        3.0,
        2.0437298381665556,
        2.7570517832157977,
        3.0,
        1.6661347721382915,
        3.0,
        1.6996436384658016,
        2.006232373217363,
        1.8472913560486766,
        2.8096347938099084,
        2.407990926244427,
        3.0,
        2.833378189822234,
        3.0,
        2.7981135336572085,
        3.0,
        1.5272758852392407,
        1.6230254416864989,
        2.1523263924999316,
        2.977689320894497,
        2.2355767939641256,
        2.9211086946953966,
        1.9870082554419268,
        2.572752514657546,
        1.8236148491141524,
        2.0850535750493395,
        2.0890653631978924,
        2.85833451868833,
        2.659287204161057,
        2.3756415362604293,
        3.0,
        3.0,
        3.0,
        2.243716317895583,
        3.0,
        2.9057686662013373,
        3.0,
        2.9773731115238085,
        3.0,
        2.6923328029215625,
        2.720628317864243,
        2.9475885168087066,
        2.838314300151158,
        2.8345671888529296,
        3.0,
        2.772030564618008,
        3.0,
        1.5656313626826326,
        1.8102808711637595,
        3.0,
        3.0,
        1.871431653520606,
        2.9558353316330654,
        2.817035033514951,
        2.8080608805492244,
        1.9984870712427,
        2.9612645706068244,
        2.1308760801449513,
        2.5266285457126205,
        2.939461411993368,
        2.3099224171101436,
        2.9779179385204175,
        1.9806311355526085
    ],
    "delta_mu_hats": [
        0.12043917850175022,
        0.1329192346461827,
        0.1122717919895572,
        0.12106968380291576,
        0.14196301071590683,
        0.1509733020423602,
        0.12891561689395672,
        0.1409548566276987,
        0.13104281603096962,
        0.12024231674915614,
        0.12748354816345392,
        0.10585385539702341,
        0.1295593200628964,
        0.14295609619923197,
        0.10694193954691114,
        0.10674349549292017,
        0.11115582528859469,
        0.1298401551725357,
        0.15524007197719844,
        0.1286384654464602,
        0.11637477782005683,
        0.12148402198304706,
        0.1076100468450914,
        0.1409581146689837,
        0.14851142957971097,
        0.14492243007921699,
        0.14738183846264372,
        0.11687646691762994,
        0.14585470428257247,
        0.1348795382528661,
        0.1367798323462799,
        0.1299376961127172,
        0.13253235581885606,
        0.11121786053941342,
        0.14858956204754634,
        0.11514560092798068,
        0.13607257114437576,
        0.14339680413086922,
        0.1105726516012952,
        0.14098204599322398,
        0.14518977403487643,
        0.10382856293320082,
        0.1587580549652078,
        0.10689202537868601,
        0.11096137963504252,
        0.11266292206205582,
        0.13853479249259162,
        0.13435704285684966,
        0.14461916358878127,
        0.13807368145799562,
        0.13975584274883207,
        0.13739457097413565,
        0.14582783340133043,
        0.1274286656926496,
        0.11958577070835834,
        0.11891231220290922,
        0.13869709332478908,
        0.1238255832893517,
        0.14486368810796793,
        0.1177392615188488,
        0.12588562548211593,
        0.1084108248241602,
        0.11566724933488529,
        0.1198346146848275,
        0.1391360017403192,
        0.13650400107703678,
        0.12768203824272334,
        0.13936883269757766,
        0.15204566754905896,
        0.14840533372262496,
        0.12522744737594943,
        0.1391924881622587,
        0.14666103290980215,
        0.1613460872498941,
        0.14917031546464676,
        0.15127040650074133,
        0.14269508178099277,
        0.13728762985924786,
        0.1409704651662804,
        0.1376827183956406,
        0.1450937749393689,
        0.1658599828977252,
        0.14019525503560618,
        0.14397184841562696,
        0.10651766317279952,
        0.10877618279008909,
        0.15864721235623191,
        0.14861736828297759,
        0.10986339325018424,
        0.1466373664640715,
        0.1376044307843485,
        0.1385781969798391,
        0.11041386817641088,
        0.15106367641016802,
        0.11900701614862079,
        0.1262241947677666,
        0.14253493387733887,
        0.12317313388616223,
        0.11762109104251436,
        0.11973353443894177
    ],
    "p16": [
        1.8741592762890709,
        2.1423611626938937,
        1.5867112473131955,
        1.6408174807692881,
        2.8224638855639013,
        3,
        2.035765756405575,
        2.6971233121689107,
        3,
        1.7470569810616303,
        1.9924363563410448,
        1.2785576895602766,
        2.099037992874469,
        2.878312394611652,
        1.0205546608279144,
        1.482794166083775,
        1.6786402706492434,
        2.1889154774491613,
        3,
        1.9667514786898213,
        1.5589796940274465,
        1.7198071558964225,
        1.4824060559379069,
        2.9636108388792417,
        2.7629879940957953,
        3,
        3,
        1.5044548878157655,
        3,
        2.7576009229161746,
        2.212510398523995,
        2.1351989675522636,
        2.126113807625784,
        1.4531603780225264,
        3,
        1.6062865927786603,
        2.534728835650828,
        3,
        1.7690862964743008,
        2.5141035664315954,
        3,
        1.4082491310709306,
        3,
        1.4353296086581568,
        1.7309737021457055,
        1.5681658095855873,
        2.6192695876198164,
        2.077059339937849,
        3,
        2.6667563796444687,
        3,
        2.596227067314417,
        3,
        1.208369080638314,
        1.3232132875040812,
        1.8538379658015418,
        2.955378641788994,
        1.9319461095206412,
        2.8422173893907936,
        1.691538426390895,
        2.2586941945198253,
        1.5538515096210537,
        1.793449496043792,
        1.7857640720962742,
        2.7166690373766604,
        2.3185744083221143,
        2.0523785250988937,
        3,
        3,
        3,
        1.93512527927997,
        3,
        2.8115373324026747,
        3,
        2.954746223047617,
        3,
        2.384665605843125,
        2.4412566357284864,
        2.8951770336174136,
        2.6766286003023163,
        2.6691343777058587,
        3,
        2.544061129236016,
        3,
        1.3002340846640112,
        1.542499990382622,
        3,
        3,
        1.5938469974789662,
        2.9116706632661304,
        2.634070067029902,
        2.616121761098449,
        1.7260858271304447,
        2.9225291412136487,
        1.8327779837268947,
        2.2094581866822223,
        2.878922823986736,
        1.9939148106195914,
        2.9558358770408355,
        1.6830974913916215
    ],