{
    "mu_hats": [
        0.0,
        0.0,
        0.0,
        0.0,
        0.0,
        0.0,
        0.0,
        0.0,
        0.0,
        0.0,
        0.0,
        0.0,
        0.0,
        0.0,
        0.0,
        0.0,
        0.0,
        0.0,
        0.0,
        0.0,
        0.0,
        0.0,
        0.0,
        0.0,
        0.0,
        0.0,
        0.0,
        0.0,
        0.0,
        0.0,
        0.0,
        0.0,
        0.0,
        0.0,
        0.0,
        0.0,
        0.0,
        0.0,
        0.0,
        0.0,
        0.0,
        0.0,
        0.0,
        0.0,
        0.0,
        0.0,
        0.0,
        0.0,
        0.0,
        0.0,
        0.0,
        0.0,
        0.0,
        0.0,
        0.0,
        0.0,
        0.0,
        0.0,
        0.0,
        0.0,
        0.0,
        0.0,
        0.0,
        0.0,
        0.0,
        0.0,
        0.0,
        0.0,
        0.0,
        0.0,
        0.0,
        0.0,
        0.0,
        0.0,
        0.0,
        0.0,
        0.0,
        0.0,
        0.0,
        0.0,
        0.0,
        0.0,
        0.0,
        0.0,
        0.0,
        0.0,
        0.0,
        0.0,
        0.0,
        0.0,
        0.0,
        0.0,
        0.0,
        0.0,
        0.0,
        0.0,
        0.0,
        0.0,
        0.0,
        0.0
    ],
    "delta_mu_hats": [
        0.050505050505050504,
        0.050505050505050504,
        0.050505050505050504,
        0.050505050505050504,
        0.050505050505050504,
        0.050505050505050504,
        0.050505050505050504,
        0.050505050505050504,
        0.050505050505050504,
        0.050505050505050504,
        0.050505050505050504,
        0.0,
        0.050505050505050504,
        0.050505050505050504,
        0.050505050505050504,
        0.050505050505050504,
        0.050505050505050504,
        0.050505050505050504,
        0.050505050505050504,
        0.050505050505050504,
        0.050505050505050504,
        0.050505050505050504,
        0.050505050505050504,
        0.050505050505050504,
        0.050505050505050504,
        0.050505050505050504,
        0.050505050505050504,
        0.050505050505050504,
        0.0,
        0.050505050505050504,
        0.050505050505050504,
        0.050505050505050504,
        0.050505050505050504,
        0.050505050505050504,
        0.050505050505050504,
        0.050505050505050504,
        0.050505050505050504,
        0.0,
        0.050505050505050504,
        0.050505050505050504,
        0.050505050505050504,
        0.050505050505050504,
        0.050505050505050504,
        0.050505050505050504,
        0.050505050505050504,
        0.050505050505050504,
        0.050505050505050504,
        0.050505050505050504,
        0.050505050505050504,
        0.050505050505050504,
        0.050505050505050504,
        0.050505050505050504,
        0.0,
        0.050505050505050504,
        0.050505050505050504,
        0.0,
        0.050505050505050504,
        0.050505050505050504,
        0.050505050505050504,
        0.050505050505050504,
        0.050505050505050504,
        0.050505050505050504,
        0.050505050505050504,
        0.0,
        0.050505050505050504,
        0.050505050505050504,
        0.050505050505050504,
        0.050505050505050504,
        0.050505050505050504,
        0.050505050505050504,
        0.050505050505050504,
        0.050505050505050504,
        0.050505050505050504,
        0.050505050505050504,
        0.050505050505050504,
        0.050505050505050504,
        0.050505050505050504,
        0.050505050505050504,
        0.050505050505050504,
        0.050505050505050504,
        0.050505050505050504,
        0.050505050505050504,
        0.050505050505050504,
        0.050505050505050504,
        0.0,
        0.050505050505050504,
        0.050505050505050504,
        0.0,
        0.050505050505050504,
        0.050505050505050504,
        0.050505050505050504,
        0.050505050505050504,
        0.050505050505050504,
        0.050505050505050504,
        0.050505050505050504,
        0.050505050505050504,
        0.050505050505050504,
        0.050505050505050504,
        0.050505050505050504,
        0.050505050505050504
    ],
    "p16": [
        0.0,
        0.0,
        0.0,
        0.0,
        0.0,
        0.0,
        0.0,
        0.0,
        0.0,
        0.0,
        0.0,
        0.0,
        0.0,
        0.0,
        0.0,
        0.0,
        0.0,
        0.0,
        0.0,
        0.0,
        0.0,
        0.0,
        0.0,
        0.0,
        0.0,
        0.0,
        0.0,
        0.0,
        0.0,
        0.0,
        0.0,
        0.0,
        0.0,
        0.0,
        0.0,
        0.0,
        0.0,
        0.0,
        0.0,
        0.0,
        0.0,
        0.0,
        0.0,
        0.0,
        0.0,
        0.0,
        0.0,
        0.0,
        0.0,
        0.0,
        0.0,
        0.0,
        0.0,
        0.0,
        0.0,
        0.0,
        0.0,
        0.0,
        0.0,
        0.0,
        0.0,
        0.0,
        0.0,
        0.0,
        0.0,
        0.0,
        0.0,
        0.0,
        0.0,
        0.0,
        0.0,
        0.0,
        0.0,
        0.0,
        0.0,
        0.0,
        0.0,
        0.0,
        0.0,
        0.0,
        0.0,
        0.0,
        0.0,
        0.0,
        0.0,
        0.0,
        0.0,
        0.0,
        0.0,
        0.0,
        0.0,
        0.0,
        0.0,
        0.0,
        0.0,
        0.0,
        0.0,
        0.0,
        0.0,
        0.0
    ],