{
    "mu_hats": [
        0.20202020202020202,
        0.25252525252525254,
        0.25252525252525254,
        0.0,
        0.0,
        0.15151515151515152,
        0.050505050505050504,
        0.0,
        0.30303030303030304,
        0.0,
        0.5050505050505051,
        0.30303030303030304,
        0.5555555555555556,
        0.30303030303030304,
        0.5050505050505051,
        0.0,
        0.45454545454545453,
        0.0,
        0.10101010101010101,
        0.10101010101010101,
        0.050505050505050504,
        0.40404040404040403,
        0.20202020202020202,
        0.0,
        0.0,
        0.0,
        0.10101010101010101,
        0.25252525252525254,
        0.0,
        0.0,
        0.20202020202020202,
        0.20202020202020202,
        0.30303030303030304,
        0.0,
        0.10101010101010101,
        0.0,
        0.25252525252525254,
        0.10101010101010101,
        0.0,
        0.0,
        0.10101010101010101,
        0.0,
        0.050505050505050504,
        0.10101010101010101,
        0.25252525252525254,
        0.050505050505050504,
        0.15151515151515152,
        0.15151515151515152,
        0.0,
        0.0,
        0.30303030303030304,
        0.5050505050505051,
        0.30303030303030304,
        0.25252525252525254,
        0.0,
        0.10101010101010101,
        0.5050505050505051,
        0.10101010101010101,
        0.0,
        0.35353535353535354,
        0.35353535353535354,
        0.10101010101010101,
        0.30303030303030304,
        0.20202020202020202,
        0.30303030303030304,
        0.45454545454545453,
        0.10101010101010101,
        0.30303030303030304,
        0.10101010101010101,
        0.0,
        0.050505050505050504,
        0.30303030303030304,
        0.15151515151515152,
        0.050505050505050504,
        0.30303030303030304,
        0.15151515151515152,
        0.15151515151515152,
        0.0,
        0.0,
        0.10101010101010101,
        0.0,
        0.35353535353535354,
        0.050505050505050504,
        0.0,
        0.0,
        0.15151515151515152,
        0.0,
        0.050505050505050504,
        0.050505050505050504,
        0.0,
        0.25252525252525254,
        0.15151515151515152,
        0.30303030303030304,
        0.15151515151515152,
        0.0,
        0.6060606060606061,
        0.15151515151515152,
        0.25252525252525254,
        0.10101010101010101,
        0.35353535353535354
    ],
    "delta_mu_hats": [
        0.35353535353535354,
        0.35353535353535354,
        0.30303030303030304,
        0.15151515151515152,
        0.050505050505050504,
        0.30303030303030304,
        0.25252525252525254,
        0.10101010101010101,
        0.303030303030303,
        0.15151515151515152,
        0.35353535353535354,
        0.303030303030303,
        0.30303030303030304,
        0.3535353535353536,
        0.35353535353535354,
        0.050505050505050504,
        0.35353535353535354,
        0.15151515151515152,
        0.25252525252525254,
        0.30303030303030304,
        0.20202020202020202,
        0.35353535353535354,
        0.35353535353535354,
        0.10101010101010101,
        0.10101010101010101,
        0.10101010101010101,
        0.25252525252525254,
        0.30303030303030304,
        0.10101010101010101,
        0.15151515151515152,
        0.30303030303030304,
        0.35353535353535354,
        0.303030303030303,
        0.20202020202020202,
        0.25252525252525254,
        0.15151515151515152,
        0.35353535353535354,
        0.30303030303030304,
        0.10101010101010101,
        0.10101010101010101,
        0.25252525252525254,
        0.10101010101010101,
        0.20202020202020202,
        0.30303030303030304,
        0.35353535353535354,
        0.25252525252525254,
        0.30303030303030304,
        0.30303030303030304,
        0.050505050505050504,
        0.15151515151515152,
        0.3535353535353536,
        0.30303030303030304,
        0.3535353535353536,
        0.30303030303030304,
        0.050505050505050504,
        0.25252525252525254,
        0.35353535353535354,
        0.25252525252525254,
        0.15151515151515152,
        0.3535353535353536,
        0.3030303030303031,
        0.25252525252525254,
        0.303030303030303,
        0.35353535353535354,
        0.303030303030303,
        0.30303030303030304,
        0.25252525252525254,
        0.35353535353535354,
        0.30303030303030304,
        0.10101010101010101,
        0.20202020202020202,
        0.303030303030303,
        0.30303030303030304,
        0.25252525252525254,
        0.303030303030303,
        0.35353535353535354,
        0.30303030303030304,
        0.10101010101010101,
        0.20202020202020202,
        0.25252525252525254,
        0.15151515151515152,
        0.3535353535353536,
        0.20202020202020202,
        0.15151515151515152,
        0.15151515151515152,
        0.30303030303030304,
        0.15151515151515152,
        0.20202020202020202,
        0.25252525252525254,
        0.15151515151515152,
        0.35353535353535354,
        0.30303030303030304,
        0.35353535353535354,
        0.30303030303030304,
        0.15151515151515152,
        0.35353535353535354,
        0.30303030303030304,
        0.30303030303030304,
        0.30303030303030304,
        0.3535353535353536
    ],
    "p16": [
        0.0,
        0.050505050505050504,
        0.10101010101010101,
        0.0,
        0.0,
        0.0,
        0.0,
        0.0,
        0.15151515151515152,
        0.0,
        0.35353535353535354,
        0.15151515151515152,
        0.40404040404040403,
        0.15151515151515152,
        0.35353535353535354,
        0.0,
        0.30303030303030304,
        0.0,
        0.0,
        0.0,
        0.0,
        0.25252525252525254,
        0.0,
        0.0,
        0.0,
        0.0,
        0.0,
        0.10101010101010101,
        0.0,
        0.0,
        0.050505050505050504,
        0.050505050505050504,
        0.15151515151515152,
        0.0,
        0.0,
        0.0,
        0.10101010101010101,
        0.0,
        0.0,
        0.0,
        0.0,
        0.0,
        0.0,
        0.0,
        0.050505050505050504,
        0.0,
        0.0,
        0.0,
        0.0,
        0.0,
        0.15151515151515152,
        0.35353535353535354,
        0.15151515151515152,
        0.10101010101010101,
        0.0,
        0.0,
        0.30303030303030304,
        0.0,
        0.0,
        0.15151515151515152,
        0.20202020202020202,
        0.0,
        0.15151515151515152,
        0.050505050505050504,
        0.15151515151515152,
        0.30303030303030304,
        0.0,
        0.10101010101010101,
        0.0,
        0.0,
        0.0,
        0.15151515151515152,
        0.0,
        0.0,
        0.15151515151515152,
        0.0,
        0.0,
        0.0,
        0.0,
        0.0,
        0.0,
        0.20202020202020202,
        0.0,
        0.0,
        0.0,
        0.0,
        0.0,
        0.0,
        0.0,
        0.0,
        0.10101010101010101,
        0.0,
        0.10101010101010101,
        0.0,
        0.0,
        0.40404040404040403,
        0.0,
        0.10101010101010101,
        0.0,
        0.20202020202020202
    ],