{
    "mu_hats": [
        2.7241872131890625,
        2.415828986326571,
        3.0,
        2.9849606799175428,
        1.5982822165159432,
        2.915822804427575,
        3.0,
        2.791546015452211,
        2.9891062650179836,
        1.8896818111674918,
        3.0,
        2.584811068630075,
        2.9286296965144514,
        2.999232130436075,
        1.917532432938661,
        1.4428196283777939,
        2.7844619407855222,
        1.8586774137419688,
        1.757802971856386,
        2.7104350956067256,
        3.0,
        2.606933877264293,
        2.3830389953320386,
        2.541214758114007,
        2.1386909507002256,
        2.3047975316718188,
        3.0,
        1.9499745810301392,
        3.0,
        2.9020738605000527,
        3.0,
        2.77294244201008,
        3.0,
        1.646516432406061,
        2.1994707006271477,
        2.670632153976622,
        2.1199538129890643,
        3.0,
        1.90347957965529,
        3.0,
        3.0,
        2.1882469696219475,
        2.7097169323869954,
        2.625879720717286,
        2.9157920782656666,
        1.9349245780913473,
        2.257143053953457,
        3.0,
        2.2820949848658447,
        2.9799048097075698,
        2.310293449540068,
        1.8076836441542916,
        2.5475918780033258,
        3.0,
        2.8124947181449986,
        2.8444520905620347,
        2.568114609283496,
        1.5864091787583756,
        2.5622940380390635,
        2.6815124563091866,
        1.7586841738774555,
        2.1702982758243747,
        3.0,
        2.6861250078967287,
        2.1443955743103067,
        2.908094519484253,
        3.0,
        2.286732890239895,
        1.4768386642964493,
        3.0,
        1.957232902940527,
        3.0,
        2.6910939302776216,
        3.0,
        2.9797924742623128,
        2.821425926954499,
        2.0493185141422856,
        2.4546482543073678,
        2.2045028279579917,
        3.0,
        3.0,
        3.0,
        2.459680381638212,
        2.4258700514613887,
        2.3745516284975277,
        1.6679667447610413,
        3.0,
        3.0,
        2.670700503740287,
        1.99009246251567,
        2.1306905639299893,
        2.1521408762849696,
        2.76860839068129,
        3.0,
        3.0,
        1.600415652988006,
        2.799874554714482,
        2.068565821444593,
        2.9986972629852797,
        2.708846349879442
    ],
    "delta_mu_hats": [
        0.1388536199727534,
        0.1340380550496563,
        0.1451138707015395,
        0.13935655249136833,
        0.1134450876229051,
        0.13669965279104546,
        0.1539953537160823,
        0.14261709662065866,
        0.1407068852591767,
        0.11311985979585115,
        0.15115653511085592,
        0.14015129043013647,
        0.12572473332691855,
        0.14730066871453493,
        0.10847331945030761,
        0.10953971345949184,
        0.13249454234962277,
        0.11338728018793531,
        0.11551457283340802,
        0.13008870696407884,
        0.1553290716869451,
        0.12603655267681863,
        0.14040469364479258,
        0.1343325457748873,
        0.12327059544245335,
        0.13005643284336638,
        0.13730995488220635,
        0.11227950322712611,
        0.1460274004595273,
        0.13662763870389938,
        0.14124820576842065,
        0.14566049753285237,
        0.14912603267948493,
        0.111864758563158,
        0.12440436398865948,
        0.14102068764072223,
        0.12494422391067238,
        0.14993798451641868,
        0.11268072202384022,
        0.14459143456437276,
        0.15168930701873973,
        0.12312830820226535,
        0.13748545392244071,
        0.13557633281351428,
        0.14484671335754126,
        0.11807466529419804,
        0.12453342483647088,
        0.13108103187629094,
        0.12405815823457389,
        0.13996003354225342,
        0.12301732548549235,
        0.10835555258706721,
        0.1355488367094668,
        0.1505269039716602,
        0.14427818262636402,
        0.13609007525133246,
        0.13202699046689098,
        0.10272482730038555,
        0.13300573638277394,
        0.13081288158739504,
        0.11503995901472842,
        0.11919523960877564,
        0.16296938727880964,
        0.1287047989018397,
        0.12381708841144698,
        0.1363116033297801,
        0.15070489929983094,
        0.13063966864207457,
        0.1102989338518504,
        0.15804280823940287,
        0.12029939822825982,
        0.13614112048558502,
        0.14050190444813693,
        0.14944905070015224,
        0.14278554363132961,
        0.14077332310450164,
        0.12696922239876482,
        0.13355773416029795,
        0.12001873097872773,
        0.1455062874336214,
        0.15399500276812822,
        0.15213131871449553,
        0.12757996771900093,
        0.12341478182903427,
        0.12259655883449497,
        0.11574129353599777,
        0.1414475297215516,
        0.15033875074975317,
        0.13369401596666958,
        0.11429185047076403,
        0.12334002510571693,
        0.11819730735959287,
        0.14169269824209352,
        0.1579487191603465,
        0.1526694543559851,
        0.10940531730724937,
        0.14423686438572458,
        0.12090013899617884,
        0.14282659836135592,
        0.13798500400006963
    ],
    "p16": [
        2.448374426378125,
        2.079088687164451,
        3,
        2.969921359835086,
        1.3155516605665736,
        2.8316456088551503,
        3,
        2.583092030904422,
        2.978212530035967,
        1.607230678442306,
        3,
        2.2330383659556947,
        2.857259393028903,
        2.99846426087215,
        1.6466701440647167,
        1.1703115315497565,
        2.5689238815710445,
        1.5717260311378023,
        1.470075432991811,
        2.4208701912134507,
        3,
        2.2898373385664774,
        2.0243823663390277,
        2.2023317792011188,
        1.8312076832003044,
        1.9768552998896078,
        3,
        1.6655402161969042,
        3,
        2.8041477210001053,
        3,
        2.54588488402016,
        3,
        1.3709351331978683,
        1.891737384872526,
        2.341264307953244,
        1.8094943209826289,
        3,
        1.620677677550003,
        3,
        3,
        1.877871311421178,
        2.419433864773991,
        2.280822032954774,
        2.8315841565313327,
        1.6411956522841231,
        1.9424962222914512,
        3,
        1.9759120931135938,
        2.95980961941514,
        2.003502238169031,
        1.5406512656717168,
        2.2070415716079963,
        3,
        2.624989436289997,
        2.68890418112407,
        2.2394546064892005,
        1.3298498069355758,
        2.2281749248555944,
        2.363024912618373,
        1.4768220423467326,
        1.863892914296383,
        3,
        2.3722500157934574,
        1.8357265627649173,
        2.8161890389685063,
        3,
        1.9557922142375177,
        1.2064992614560643,
        3,
        1.6531643714401358,
        3,
        2.382187860555243,
        3,
        2.959584948524626,
        2.642851853908998,
        1.7289188853346225,
        2.1192396293538884,
        1.9074655089534645,
        3,
        3,
        3,
        2.1381520202975572,
        2.115176530802654,
        2.0623175886466476,
        1.3815481685334259,
        3,
        3,
        2.341401007480574,
        1.7044161464195888,
        1.820633536782165,
        1.8618538011193253,
        2.53721678136258,
        3,
        3,
        1.3280835903569728,
        2.5997491094289638,
        1.767353975610657,
        2.99739452597056,
        2.417692699758885
    ],