{
    "rmse": 975171.3553520186,
    "mae": 1931.0087375202688,
    "interval": 44.79408717779326,
    "coverage": 0.0,
    "quantiles_score": 207127859110.57843
}