{
    "rmse": 491654.98470675555,
    "mae": 1340.737917523851,
    "interval": 49.35967531248239,
    "coverage": 0.0,
    "quantiles_score": -14.055605531266504
}