{
    "rmse": 240997.70048234612,
    "mae": 875.0080142937666,
    "interval": 105.26938906461348,
    "coverage": 0.007,
    "quantiles_score": -19.78506841244336
}