{
    "rmse": 975171.3553520187,
    "mae": 1931.0087375202688,
    "interval": 135.427706980262,
    "coverage": 0.0,
    "quantiles_score": 626217717077.194
}