{
    "rmse": 582797.3307637222,
    "mae": 1425.8515366949464,
    "interval": 125.27380783335671,
    "coverage": 0.0,
    "quantiles_score": 1252748.0783335671
}