{
    "rmse": 2290439.980170886,
    "mae": 2626.589261745715,
    "interval": 101.49316871648986,
    "coverage": 0.003,
    "quantiles_score": -19.773218961572653
}