{
    "rmse": 73961.17835347989,
    "mae": 511.3037045483887,
    "interval": 34.05565803705774,
    "coverage": 0.0,
    "quantiles_score": -13.68447702093724
}