{
    "rmse": 672397.0360282952,
    "mae": 1499.169222086759,
    "interval": 140.75701217852114,
    "coverage": 0.001,
    "quantiles_score": 47892.59576316029
}