{
    "rmse": 191666.18751316046,
    "mae": 751.8347074021061,
    "interval": 102.45019409397098,
    "coverage": 0.024000000000000004,
    "quantiles_score": 96384185588.33351
}