{"case": 3, "problem_dimension": 2, "total_number_of_events": 100021, "p_b": 0.9, "theta": 0, "L": 2, "generator": "normal", "background_distribution": {"name": "Gaussian", "mu": [0, 0], "sigma": [1, 1]}, "signal_from_background": true, "signal_sigma_scale": 0.3, "systematics": [], "train_comment": "", "test_comment": "", "box_center": [2.0, 0.0], "signal_center": [1.9935334743907513, -0.0060659639631639685], "background_center": [-0.002196057003130989, 0.0030745168750273668], "signal_center_biased": [1.9935334743907513, -0.0060659639631639685], "background_center_biased": [-0.002196057003130989, 0.0030745168750273668]}