{"case": 6, "problem_dimension": 2, "total_number_of_events": 99628, "p_b": 0.9, "theta": 0, "L": 2, "generator": "normal", "background_distribution": {"name": "Gaussian", "mu": [0, 0], "sigma": [1, 1]}, "signal_from_background": true, "signal_sigma_scale": 0.3, "systematics": [], "train_comment": "", "test_comment": "", "box_center": [2.0, 0.0], "signal_center": [2.001852787425269, 0.002373873304962821], "background_center": [-0.0004114912466956821, 0.001985407599264786], "signal_center_biased": [2.001852787425269, 0.002373873304962821], "background_center_biased": [-0.0004114912466956821, 0.001985407599264786]}