{"case": 1, "problem_dimension": 2, "total_number_of_events": 99996, "p_b": 0.9, "theta": 0, "L": 2, "generator": "normal", "background_distribution": {"name": "Gaussian", "mu": [0, 0], "sigma": [1, 1]}, "signal_from_background": true, "signal_sigma_scale": 0.3, "systematics": [], "train_comment": "", "test_comment": "", "box_center": [2.0, 0.0], "signal_center": [1.9960854049340122, 0.0009604772422567666], "background_center": [0.00047361431702221097, -0.0011606497212919384], "signal_center_biased": [1.9960854049340122, 0.0009604772422567666], "background_center_biased": [0.00047361431702221097, -0.0011606497212919384]}