{"case": 4, "problem_dimension": 2, "total_number_of_events": 99683, "p_b": 0.9, "theta": 0, "L": 2, "generator": "normal", "background_distribution": {"name": "Gaussian", "mu": [0, 0], "sigma": [1, 1]}, "signal_from_background": true, "signal_sigma_scale": 0.3, "systematics": [], "train_comment": "", "test_comment": "", "box_center": [2.0, 0.0], "signal_center": [1.9969014324847636, 0.0029380516298265227], "background_center": [-0.0013815563430542679, -0.008035121036988904], "signal_center_biased": [1.9969014324847636, 0.0029380516298265227], "background_center_biased": [-0.0013815563430542679, -0.008035121036988904]}