{"case": 2, "problem_dimension": 2, "total_number_of_events": 99998, "p_b": 0.9, "theta": 0, "L": 2, "generator": "normal", "background_distribution": {"name": "Gaussian", "mu": [0, 0], "sigma": [1, 1]}, "signal_from_background": true, "signal_sigma_scale": 0.3, "systematics": [], "train_comment": "", "test_comment": "", "box_center": [2.0, 0.0], "signal_center": [1.9963539827826726, -0.002164350921846928], "background_center": [-0.0019443158450473518, -0.0012983535830287426], "signal_center_biased": [1.9963539827826726, -0.002164350921846928], "background_center_biased": [-0.0019443158450473518, -0.0012983535830287426]}