{"case": 1, "problem_dimension": 2, "total_number_of_events": 100267, "p_b": 0.9, "theta": 0, "L": 2, "generator": "normal", "background_distribution": {"name": "Gaussian", "mu": [0, 0], "sigma": [1, 1]}, "signal_from_background": true, "signal_sigma_scale": 0.3, "systematics": [], "train_comment": "", "test_comment": "", "box_center": [2.0, 0.0], "signal_center": [2.002384941461303, 0.0008235308855270028], "background_center": [0.003402938294082101, -0.002773149151925454], "signal_center_biased": [2.002384941461303, 0.0008235308855270028], "background_center_biased": [0.003402938294082101, -0.002773149151925454]}