{"case": 2, "problem_dimension": 2, "total_number_of_events": 99702, "p_b": 0.9, "theta": 0, "L": 2, "generator": "normal", "background_distribution": {"name": "Gaussian", "mu": [0, 0], "sigma": [1, 1]}, "signal_from_background": true, "signal_sigma_scale": 0.3, "systematics": [], "train_comment": "", "test_comment": "", "box_center": [2.0, 0.0], "signal_center": [2.0044855938047323, -0.0012243334288854092], "background_center": [-0.004752229295287744, -0.003323412831823789], "signal_center_biased": [2.0044855938047323, -0.0012243334288854092], "background_center_biased": [-0.004752229295287744, -0.003323412831823789]}