{"case": 4, "problem_dimension": 2, "total_number_of_events": 99965, "p_b": 0.9, "theta": 0, "L": 2, "generator": "normal", "background_distribution": {"name": "Gaussian", "mu": [0, 0], "sigma": [1, 1]}, "signal_from_background": true, "signal_sigma_scale": 0.3, "systematics": [], "train_comment": "", "test_comment": "", "box_center": [2.0, 0.0], "signal_center": [1.9969904484683938, 0.005381146052744764], "background_center": [0.004846625774453669, 0.0002162165524486463], "signal_center_biased": [1.9969904484683938, 0.005381146052744764], "background_center_biased": [0.004846625774453669, 0.0002162165524486463]}