{"case": 5, "problem_dimension": 2, "total_number_of_events": 99933, "p_b": 0.9, "theta": 0, "L": 2, "generator": "normal", "background_distribution": {"name": "Gaussian", "mu": [0, 0], "sigma": [1, 1]}, "signal_from_background": true, "signal_sigma_scale": 0.3, "systematics": [], "train_comment": "", "test_comment": "", "box_center": [2.0, 0.0], "signal_center": [2.00071297874805, 0.0015808206484971756], "background_center": [0.002510462701964691, 0.002937651611620079], "signal_center_biased": [2.00071297874805, 0.0015808206484971756], "background_center_biased": [0.002510462701964691, 0.002937651611620079]}