{"case": 5, "problem_dimension": 2, "total_number_of_events": 100229, "p_b": 0.9, "theta": 0, "L": 2, "generator": "normal", "background_distribution": {"name": "Gaussian", "mu": [0, 0], "sigma": [1, 1]}, "signal_from_background": true, "signal_sigma_scale": 0.3, "systematics": [], "train_comment": "", "test_comment": "", "box_center": [2.0, 0.0], "signal_center": [1.9985334983812184, -0.0010859434568171334], "background_center": [0.004006312529641792, 0.0021792584715272473], "signal_center_biased": [1.9985334983812184, -0.0010859434568171334], "background_center_biased": [0.004006312529641792, 0.0021792584715272473]}