{"case": 5, "problem_dimension": 2, "total_number_of_events": 99951, "p_b": 0.9, "theta": 0, "L": 2, "generator": "normal", "background_distribution": {"name": "Gaussian", "mu": [0, 0], "sigma": [1, 1]}, "signal_from_background": true, "signal_sigma_scale": 0.3, "systematics": [], "train_comment": "", "test_comment": "", "box_center": [2.0, 0.0], "signal_center": [2.0016745426135447, -0.0014893133413800275], "background_center": [-0.005095264455335658, 0.008145643903534066], "signal_center_biased": [2.0016745426135447, -0.0014893133413800275], "background_center_biased": [-0.005095264455335658, 0.008145643903534066]}