{
    "mu_hats": [
        0.9981293037302024,
        0.9981293037302024,
        0.9981293037302024,
        0.9981293037302024,
        0.9981293037302024,
        0.9981293037302024,
        0.9981293037302024,
        0.9981293037302024,
        0.9981293037302024,
        0.9981293037302024
    ],
    "mu_hat": 0.9981293037302024,
    "delta_mu_hat": 0.0027632770301248,
    "mae_mu": 0.06687069626979758,
    "mse_mu": 0.004471690019607519,
    "mae_delta_mu": 0.06410741923967278,
    "mse_delta_mu": 0.004109761201571168,
    "coverage_mu": 0.0,
    "coverage_C": 0.0,
    "score1_mae": 0.13097811550947036,
    "score1_mse": 0.008581451221178687
}