{"case": 1, "problem_dimension": 2, "total_number_of_events": 100426, "p_b": 0.9, "theta": 0, "L": 2, "generator": "normal", "background_distribution": {"name": "Gaussian", "mu": [0, 0], "sigma": [1, 1]}, "signal_from_background": true, "signal_sigma_scale": 0.3, "systematics": [], "train_comment": "", "test_comment": "", "box_center": [2.0, 0.0], "signal_center": [2.000342192979222, -0.0010286010295958428], "background_center": [-0.0022523103774117125, -0.001872764131577169], "signal_center_biased": [2.000342192979222, -0.0010286010295958428], "background_center_biased": [-0.0022523103774117125, -0.001872764131577169]}