{"case": 2, "problem_dimension": 2, "total_number_of_events": 99797, "p_b": 0.9, "theta": 0, "L": 2, "generator": "normal", "background_distribution": {"name": "Gaussian", "mu": [0, 0], "sigma": [1, 1]}, "signal_from_background": true, "signal_sigma_scale": 0.3, "systematics": [], "train_comment": "", "test_comment": "", "box_center": [2.0, 0.0], "signal_center": [1.9962467083793871, 0.0005693575286208543], "background_center": [0.0030833484450257537, 0.0014622766555130193], "signal_center_biased": [1.9962467083793871, 0.0005693575286208543], "background_center_biased": [0.0030833484450257537, 0.0014622766555130193]}