{"case": 6, "problem_dimension": 2, "total_number_of_events": 99896, "p_b": 0.9, "theta": 0, "L": 2, "generator": "normal", "background_distribution": {"name": "Gaussian", "mu": [0, 0], "sigma": [1, 1]}, "signal_from_background": true, "signal_sigma_scale": 0.3, "systematics": [], "train_comment": "", "test_comment": "", "box_center": [2.0, 0.0], "signal_center": [1.9982200168579276, 0.0016827228813745697], "background_center": [0.003673408651940921, -0.0067259074546140675], "signal_center_biased": [1.9982200168579276, 0.0016827228813745697], "background_center_biased": [0.003673408651940921, -0.0067259074546140675]}