{
    "rmse": 0.44708616315002947,
    "mae": 0.5905167676767678,
    "interval": 0.29883838383838385,
    "coverage": 0.084,
    "quantiles_score": -13.416569516149089
}