{
    "rmse": 44.19326031961112,
    "mae": 12.342561984959566,
    "interval": 0.32476710339997056,
    "coverage": 0.0,
    "quantiles_score": -14.050056658418244
}