{
    "rmse": 4.2370212451675275,
    "mae": 3.786000000000001,
    "interval": 0.0,
    "coverage": 0.0,
    "quantiles_score": -3.248696191409625
}