{
    "rmse": 0.41606180166403667,
    "mae": 0.6950908271637963,
    "interval": 0.08190600999904228,
    "coverage": 0.0,
    "quantiles_score": -12.681581495596435
}