{
    "rmse": 11.440527059586225,
    "mae": 5.3146926444092815,
    "interval": 0.37600107608518124,
    "coverage": 0.017,
    "quantiles_score": 7.61521163621859
}