{
    "rmse": 64.78548133683432,
    "mae": 12.035470976367405,
    "interval": 0.13364788473180497,
    "coverage": 0.0,
    "quantiles_score": -8.151359301162517
}