{
    "rmse": 1.3585707441577415,
    "mae": 1.7260000000000002,
    "interval": 0.0,
    "coverage": 0.0,
    "quantiles_score": 0.46240000000000003
}