{
<<<<<<< HEAD
    "rmse": 1.020198667535862,
    "mae": 1.2111848484848482,
    "interval": 0.26262626262626254,
    "coverage": 0.29,
    "quantiles_score": -6.115885672032793
=======
    "rmse": 0.19333171795125692,
    "mae": 0.33998545454545465,
    "interval": 0.3328282828282829,
    "coverage": 0.57,
    "quantiles_score": 1.0660696342220135
>>>>>>> origin/temp
}