{
    "rmse": 0.19333171795125692,
    "mae": 0.33998545454545465,
    "interval": 0.3328282828282829,
    "coverage": 0.57,
    "quantiles_score": 1.0660696342220135
}