{
    "rmse": 1.5725286015521684,
    "mae": 1.8183629581577272,
    "interval": 0.09004867234874255,
    "coverage": 0.013,
    "quantiles_score": -12.694865198460597
}