{
    "rmse": 0.9131348609401567,
    "mae": 1.0850343434343435,
    "interval": 0.347979797979798,
    "coverage": 0.05,
    "quantiles_score": -8.749271268008577
}