{
    "rmse": 0.1309449481617432,
    "mae": 0.24128000000000008,
    "interval": 0.22640000000000007,
    "coverage": 0.57,
    "quantiles_score": 1.4499857904069808
}