{
    "rmse": 0.8389183746502498,
    "mae": 1.0132383838383838,
    "interval": 0.38732323232323235,
    "coverage": 0.205,
    "quantiles_score": -12.71931672014088
}