{
    "rmse": 10.913851907999652,
    "mae": 6.137936908477342,
    "interval": 0.24925316391211103,
    "coverage": 0.0,
    "quantiles_score": -8.771169252530472
}