{
    "rmse": 10.147394737341845,
    "mae": 4.651990180740745,
    "interval": 0.37137266375576794,
    "coverage": 0.067,
    "quantiles_score": 1.982231759632048
}