{
    "rmse": 196.42126604031643,
    "mae": 26.40021496082097,
    "interval": 0.20788638639610532,
    "coverage": 0.0,
    "quantiles_score": -13.605664437507567
}