{
    "rmse": 1.020198667535862,
    "mae": 1.2111848484848482,
    "interval": 0.26262626262626254,
    "coverage": 0.29,
    "quantiles_score": -6.115885672032793
}