{
    "rmse": 10.147394737341845,
    "mae": 4.651990180740745,
    "interval": 0.3713726637557679,
    "coverage": 0.06700000000000002,
    "quantiles_score": 2.275827910583994
}