{
    "mu_hat": 2.790248511417006,
    "delta_mu_hat": 0.12756186583342977,
    "mae_mu": 2.5035150765236116,
    "mse_mu": 12.151682037010115,
    "mae_delta_mu": 2.580052196023669,
    "mse_delta_mu": 12.608105904910422,
    "coverage_mu": 0.1,
    "coverage_C": 0.0,
    "score_mae": 5.083567272547281,
    "score_mse": 24.759787941920536
}