{
    "rmse": 7.305892673695496,
    "mae": 4.576954505050505,
    "interval": 0.07025252525252526,
    "coverage": 0.011,
    "quantiles_score": -12.462176603997111
}