{
    "rmse": 5.093492177364323,
    "mae": 3.732305050505051,
    "interval": 0.17479797979797979,
    "coverage": 0.09,
    "quantiles_score": -12.840277959598367
}