{
    "rmse": 4.215604646653159,
    "mae": 2.9120337970970493,
    "interval": 0.3779004447403814,
    "coverage": 0.097,
    "quantiles_score": 1.4263304156488754
}