{
    "rmse": 4.799636145233201,
    "mae": 3.687474393939394,
    "interval": 0.008689141414141415,
    "coverage": 0.0,
    "quantiles_score": -10.534879755735423
}