{
<<<<<<< HEAD
    "rmse": 4.799636145233201,
    "mae": 3.687474393939394,
    "interval": 0.008689141414141415,
    "coverage": 0.0,
    "quantiles_score": -10.534879755735423
=======
    "rmse": 196.42126604031643,
    "mae": 26.40021496082097,
    "interval": 0.20788638639610532,
    "coverage": 0.0,
    "quantiles_score": -13.605664437507567
>>>>>>> upstream/master
}