{
    "rmse": 16.62544331666208,
    "mae": 7.113402106354843,
    "interval": 0.16367230444699807,
    "coverage": 0.0,
    "quantiles_score": -13.367831404576297
}