{
    "rmse": 0.27629746815628997,
    "mae": 0.39793535353535353,
    "interval": 0.3227272727272728,
    "coverage": 0.31,
    "quantiles_score": -6.045101173753417
}