{
    "rmse": 0.5058555566054592,
    "mae": 0.749744187571134,
    "interval": 0.46972525993036385,
    "coverage": 0.325,
    "quantiles_score": 4707.252599303639
}