{
    "delta_mu_hat": 18.592706731371766,
    "mu_hats": [
        28.945565515914197
    ]
}