{
    "delta_mu_hat": 4.21398489518496,
    "mu_hats": [
        2.978495987755269,
        3.854256060167174,
        1.751287536057292,
        -0.7931260558730703,
        -0.007338323749508687,
        0.15218679223212794,
        2.6391489640643555,
        -1.8475886832005,
        -0.7576809650221341,
        1.029532629309433
    ]
}