{
    "delta_mu_hat": 15.14765939615597,
    "mu_hats": [
        -1.7357213991187959,
        -0.2646395658701726,
        1.0586060106838735,
        1.1043848482721925,
        1.0079779950546488,
        4.244186953595061,
        0.7322945076927017,
        1.422131559216172,
        3.1352373916576934,
        -14.016599535812704
    ]
}