{
    "delta_mu_hat": 11.334267058910097,
    "mu_hats": [
        -1.09846287069876
    ]
}