{
    "delta_mu_hat": 0.11303698364442356,
    "mu_hats": [
        0.09226914088824682,
        3.548532004933271,
        1.3132465318125333,
        2.018003916130445,
        2.9588724886872786,
        -0.020677074710759358,
        -0.7912607905572955,
        4.250946637324508,
        3.6006583397086835,
        3.534554390197424
    ]
}