{
    "delta_mu_hat": 0.5705354357165142,
    "mu_hats": [
        0.06161950704394365,
        0.06106751145990832,
        0.06086351309189526,
        0.060695514435884515,
        0.06141550867593059,
        0.061955504355965155,
        0.060971512227902175,
        0.06155950752393981,
        0.06046751625986992,
        0.06113951088391293
    ]
}