{
    "delta_mu_hat": 10.3233355839802,
    "mu_hats": [
        2.7163206662432486,
        3.093316366650523,
        1.922160972243046,
        1.5554131497501265,
        2.5575976308714337,
        3.2223280647067503,
        1.7015598580912812,
        4.175825112735644,
        4.204387708900337,
        -8.845433702673326
    ]
}