{
    "delta_mu_hat": 0.12597793995927214,
    "mu_hats": [
        0.20476680545053724,
        3.8775490585796266,
        2.1103774793743937,
        2.810685490383919,
        5.615213793036474,
        7.399507576376408,
        -2.900770586938231,
        0.9456157725020503,
        -1.5044288890118824,
        1.8708424376910533
    ]
}