{
    "delta_mu_hat": 0.0808437639114836,
    "mu_hats": [
        -0.8445614368604539,
        -0.9462081528715948,
        1.266807502526155,
        -0.8331985319872117,
        -0.8584853497239588,
        -0.9396357502089016,
        -0.8639031968621526,
        -0.9205609407505342,
        3.5722268507574046,
        -0.8196809548713673
    ]
}