{
    "delta_mu_hat": 9.510724392359936,
    "mu_hats": [
        11.097107802378206,
        5.463192929493074,
        6.251175640056605,
        4.176347997412441,
        3.5233292438413906,
        3.9013870739578493,
        8.178467553741095,
        5.833073120888445,
        7.15132275107873,
        5.4306561025910005
    ]
}