{
    "delta_mu_hat": 0.12475539005615825,
    "mu_hats": [
        1.0949740613627745,
        1.3134761340400691,
        0.23162039431003648,
        3.478631820361826,
        -2.858690082601117,
        -2.2170320563767723,
        3.0361339603815805,
        2.0005078273849253,
        4.386992011630165,
        3.172990607446399
    ]
}