{
    "delta_mu_hat": 0.12756186583342977,
    "mu_hats": [
        4.861510831220538,
        2.6921834984704005,
        8.936981730594631,
        1.2153639544239148,
        1.0810466697654837,
        0.5403678708525471,
        6.260668434210446,
        1.687749435772821,
        2.9283133852448535,
        -2.30170069638557
    ],
    "q_1": null,
    "q_2": null
}