{
    "delta_mu_hat": 0.10536194431302488,
    "mu_hats": [
        2.9887569067253557,
        1.4087980198283236,
        -1.4199857224435628,
        1.4322041998895165,
        5.43596123668239,
        0.11787559418606,
        -1.3604596408844718,
        0.02833363065110583,
        0.10545934530601614,
        -2.666604293920828
    ]
}