{
    "delta_mu_hat": 5.0018754917067625,
    "mu_hats": [
        0.9999196215012437
    ]
}