{
    "delta_mu_hat": 1.0311162644801586,
    "mu_hats": [
        2.769712646328132,
        -1.3538183074553245,
        0.4881102273743193,
        1.2699274355452153,
        -1.3709778887520494,
        -0.47445191763123745,
        5.268511658105582,
        0.5071369434277155,
        0.5586588096149525,
        -0.4815910258944683
    ]
}