{
    "delta_mu_hat": 0.10613805618336569,
    "mu_hats": [
        3.5058124992341098,
        0.17086881301057347,
        0.24501135768849902,
        1.7971825130917265,
        0.4368998499939605,
        -0.4974785087743211,
        4.404103827944029,
        -0.524236984209891,
        0.1392171451569142,
        -2.3268081177209123
    ]
}