{
    "delta_mu_hat": [
        11.564463642019776,
        11.564367547789045,
        11.56313099166771,
        11.567237625168172,
        11.561742128663184,
        11.568623351767869,
        11.566768780469253,
        11.571897506504113,
        11.561692490870596,
        11.603803764340253
    ],
    "mu_hats": [
        0.6218780686616647,
        0.7689977832062603,
        1.355241690450245,
        -0.2781416536830081,
        1.7650066969116416,
        -1.064263428742906,
        -0.2950348969468102,
        -2.239654139244832,
        1.8529032343917744,
        -10.253699818648686
    ]
}