{
    "delta_mu_hat": 0.1265382405200025,
    "mu_hats": [
        4.90923005679079,
        2.162893428514881,
        1.2005588719490994,
        5.861660042671921,
        1.9049944895256277,
        1.7734652288209871,
        6.17610612992435,
        -3.2175544150064748,
        4.339051301974825,
        -0.4945419593580624
    ]
}