{
    "delta_mu_hat": 9.148856370334254,
    "mu_hats": [
        3.1340547324036985,
        -1.1429302994465516,
        0.7363564019494295,
        0.5734178808929027,
        -1.133927078741848,
        -0.21355236246794196,
        7.480743529631692,
        0.74987033943524,
        2.7427977368419527,
        0.6718929750221109
    ]
}