{
    "delta_mu_hat": 0.12565234761597863,
    "mu_hats": [
        5.100658392603442,
        0.5860096331311241,
        3.12596351344154,
        4.066078498589759,
        3.717259216522232,
        0.1280895393567292,
        2.0276204242892684,
        3.831198377880151,
        -0.8036987364167232,
        6.1210669257835315
    ]
}