{
    "delta_mu_hat": 0.12665610575665123,
    "mu_hats": [
        3.9382462523734665,
        1.5365501311020013,
        2.4988808338279314,
        1.5062930552443272,
        5.168276022005346,
        4.3020511294588495,
        -1.7454587169197766,
        1.5144979266908896,
        -2.840236413434084,
        1.0840036175819092
    ]
}