{
    "delta_mu_hat": 0.5706554996940281,
    "mu_hats": [
        0.0616143314815037,
        0.061062382260832,
        0.060858401027105505,
        0.06069041648168368,
        0.061410350247777204,
        0.06195030057234734,
        0.06096639109201953,
        0.061554337000995905,
        0.06046243745575407,
        0.061134375637441354
    ]
}