{
    "delta_mu_hat": 0.11253714978417655,
    "mu_hats": [
        0.7707174445812226,
        1.7112601324944137,
        3.339546244668227,
        1.7659974272074255,
        4.313474325794617,
        -0.9034725730616364,
        -0.022755000778154195,
        1.3095965543390293,
        0.9518993822599275,
        3.0533068912489725
    ]
}