{
    "delta_mu_hat": 13.621016063480454,
    "mu_hats": [
        2.905992728744261,
        5.850925132225989,
        1.4159140755407023,
        2.4260405058114762,
        5.4303612598005655,
        4.897543867727721,
        6.56505262407611,
        4.505692652312292,
        6.580045804425605,
        -7.242259152726982
    ]
}