{
    "rmse": 6.522636423722456,
    "mae": 3.889830485187268,
    "coverage_score": 574659128.2436326
}