{
    "mu_hats": [
        1.0010585583965754,
        1.0010585583965754,
        1.0010585583965754,
        1.0010585583965754,
        1.0010585583965754,
        1.0010585583965754,
        1.0010585583965754,
        1.0010585583965754,
        1.0010585583965754,
        1.0010585583965754
    ],
    "mu_hat": 1.0010585583965754,
    "delta_mu_hat": 0.0014226483243775512,
    "mae_mu": 0.06394144160342452,
    "mse_mu": 0.004088507954324147,
    "mae_delta_mu": 0.06251879327904697,
    "mse_delta_mu": 0.003908599513068209,
    "coverage_mu": 0.0,
    "coverage_C": 0.0,
    "score1_mae": 0.1264602348824715,
    "score1_mse": 0.007997107467392357
}