{"ground_truth_mu": 1.0, "case": null, "problem_dimension": 2, "total_number_of_events": 100093, "p_b": 0.9, "theta": 0, "L": 2, "generator": "normal", "background_distribution": {"name": "Gaussian", "mu": [0, 0], "sigma": [1, 1]}, "signal_from_background": true, "signal_sigma_scale": 0.3, "systematics": [], "train_comment": "", "test_comment": "", "box_center": [2.0, 0.0], "signal_center": [1.995054274399527, -0.003178544452111103], "background_center": [0.002772791650814834, -0.004009789028260041], "signal_center_biased": [1.995054274399527, -0.003178544452111103], "background_center_biased": [0.002772791650814834, -0.004009789028260041]}