{"seed": 193, "ground_truth_mu": 1.02, "case": null, "problem_dimension": 2, "total_number_of_events": 100004, "p_b": 0.9, "theta": 0, "L": 2, "generator": "normal", "background_distribution": {"name": "Gaussian", "mu": [0, 0], "sigma": [1, 1]}, "signal_from_background": true, "signal_sigma_scale": 0.3, "systematics": [{"name": "Translation", "z_magnitude": 0.37640023491562147, "alpha": 45.0}], "train_comment": "", "test_comment": "", "box_center": [2.0, 0.0], "signal_center": [1.9999509103943531, -0.004315032332119582], "background_center": [0.005847707293990437, 0.0021737973708169994], "signal_center_biased": [2.2661060689434174, 0.2618401262169262], "background_center_biased": [0.27200286584303496, 0.2683289559198586]}