{"seed": 199, "ground_truth_mu": 1.07, "case": null, "problem_dimension": 2, "total_number_of_events": 100702, "p_b": 0.89, "theta": 0, "L": 2, "generator": "normal", "background_distribution": {"name": "Gaussian", "mu": [0, 0], "sigma": [1, 1]}, "signal_from_background": true, "signal_sigma_scale": 0.3, "systematics": [{"name": "Translation", "z_magnitude": -3.4425039428121007, "alpha": 45.0}], "train_comment": "", "test_comment": "", "box_center": [2.0, 0.0], "signal_center": [2.0023250716263234, -0.00032316628042693775], "background_center": [-0.0022811840345076137, -0.0043933338593697135], "signal_center_biased": [-0.4318928105975468, -2.434541048504287], "background_center_biased": [-2.43649906625833, -2.4386112160832214]}