{
    "delta_mu_hat": 1.0855450450450452,
    "mu_hats": [
        -0.043018018018018016,
        -0.25304054054054054,
        1.0997747747747748,
        -0.2531531531531532,
        -0.22939189189189188,
        -0.2527027027027027,
        -0.2516891891891892,
        -0.2382882882882883,
        -0.2531531531531532,
        -0.2531531531531532
    ]
}