{
    "mu_hat": -0.09278153153153154,
    "delta_mu_hat": 1.0855450450450452,
    "mae_mu": 1.1157364864864865,
    "mse_mu": 1.3714269346542487,
    "mae_delta_mu": 0.25980585585585575,
    "mse_delta_mu": 0.16211019510388772,
    "coverage_mu": 0.2,
    "coverage_C": 0.0,
    "score1_mae": 1.3755423423423423,
    "score1_mse": 1.5335371297581364
}