{
    "mu_hat": -0.0045464725643896975,
    "delta_mu_hat": 0.733909294512878,
    "score": 1.55599686450168
}