{
    "delta_mu": 3.539518343461625,
    "delta_delta_mu": 7.637200090029259,
    "score": 11.176718433490883
}