{
    "delta_mu_hat": 1.3505615662029882,
    "mu_hat_test": 1.435342606903658
}