{
    "delta_mu_hat": 0.733909294512878,
    "mu_hats": [
        0.18723404255319148,
        -0.24456886898096306,
        1.6201567749160135,
        -0.24468085106382978,
        -0.19059350503919373,
        -0.2425531914893617,
        -0.23751399776035834,
        -0.20358342665173573,
        -0.24468085106382978,
        -0.24468085106382978
    ]
}