{
    "delta_mu_hat": -4.097681746567634,
    "mu_hat_test": 4.479518343461625
}