{"case": 3, "problem_dimension": 2, "total_number_of_events": 100057, "p_b": 0.9, "theta": 0, "L": 2, "generator": "normal", "background_distribution": {"name": "Gaussian", "mu": [0, 0], "sigma": [1, 1]}, "signal_from_background": true, "signal_sigma_scale": 0.3, "systematics": [], "train_comment": "", "test_comment": "", "box_center": [2.0, 0.0], "signal_center": [2.0005978529600696, -0.0012739063645141762], "background_center": [0.004445683830364314, 0.005171921121798168], "signal_center_biased": [2.0005978529600696, -0.0012739063645141762], "background_center_biased": [0.004445683830364314, 0.005171921121798168]}