{"case": 4, "problem_dimension": 2, "total_number_of_events": 99629, "p_b": 0.9, "theta": 0, "L": 2, "generator": "normal", "background_distribution": {"name": "Gaussian", "mu": [0, 0], "sigma": [1, 1]}, "signal_from_background": true, "signal_sigma_scale": 0.3, "systematics": [], "train_comment": "", "test_comment": "", "box_center": [2.0, 0.0], "signal_center": [2.0043255084684617, -0.0019912413634628786], "background_center": [-0.0036022532243427594, -0.002525505753357527], "signal_center_biased": [2.0043255084684617, -0.0019912413634628786], "background_center_biased": [-0.0036022532243427594, -0.002525505753357527]}