{"seed": 192, "ground_truth_mu": 1.05, "case": null, "problem_dimension": 2, "total_number_of_events": 100674, "p_b": 0.9, "theta": 0, "L": 2, "generator": "normal", "background_distribution": {"name": "Gaussian", "mu": [0, 0], "sigma": [1, 1]}, "signal_from_background": true, "signal_sigma_scale": 0.3, "systematics": [{"name": "Translation", "z_magnitude": 6.387437282425516, "alpha": 45.0}], "train_comment": "", "test_comment": "", "box_center": [2.0, 0.0], "signal_center": [1.9921008928743051, 0.004227713834788226], "background_center": [-0.0024642086279332513, 0.002875776242326064], "signal_center_biased": [6.508701109681167, 4.520827930641641], "background_center_biased": [4.514136008178865, 4.519475993049207]}