{"seed": 195, "ground_truth_mu": 1.08, "case": null, "problem_dimension": 2, "total_number_of_events": 101085, "p_b": 0.89, "theta": 0, "L": 2, "generator": "normal", "background_distribution": {"name": "Gaussian", "mu": [0, 0], "sigma": [1, 1]}, "signal_from_background": true, "signal_sigma_scale": 0.3, "systematics": [{"name": "Translation", "z_magnitude": 4.377653505290979, "alpha": 45.0}], "train_comment": "", "test_comment": "", "box_center": [2.0, 0.0], "signal_center": [2.0003517386479226, 0.005494033789519288], "background_center": [-0.002107661593424685, 0.001060829387771295], "signal_center_biased": [5.095820217924211, 3.1009625130658276], "background_center_biased": [3.093360817682918, 3.096529308664055]}