{"seed": 194, "ground_truth_mu": 1.05, "case": null, "problem_dimension": 2, "total_number_of_events": 100837, "p_b": 0.9, "theta": 0, "L": 2, "generator": "normal", "background_distribution": {"name": "Gaussian", "mu": [0, 0], "sigma": [1, 1]}, "signal_from_background": true, "signal_sigma_scale": 0.3, "systematics": [{"name": "Translation", "z_magnitude": -8.757275386725778, "alpha": 45.0}], "train_comment": "", "test_comment": "", "box_center": [2.0, 0.0], "signal_center": [2.0001412087373938, -0.0017388962196270886], "background_center": [0.005503050177336638, -0.0010694987585163742], "signal_center_biased": [-4.192187601934447, -6.194067706891471], "background_center_biased": [-6.186825760494511, -6.193398309430433]}