{
    "auc_1": 0.9848694444444445,
    "bac_1": 0.8627777777777778,
    "auc_2": 0.9846361111111112,
    "bac_2": 0.8861111111111111,
    "auc_3": 0.9875138888888889,
    "bac_3": 0.7766666666666666,
    "auc": 0.9856731481481482,
    "bac": 0.8418518518518517
}