,test_set 1,test_set 2,test_set 3,test_set 4,test_set 5,test_set 6,avg_auc
constant model,0.5,0.5,0.5,0.5,0.5,0.5,0.5
naive bayes,0.8750921273031826,0.9636041317699608,0.17886376326074815,0.8029704075935232,0.9709073143495254,0.0598324958123953,0.6418783733482226
preprocessing,0.7575293132328308,0.9482914572864322,0.035136795086543826,0.6784952540480178,0.9555248464544948,0.033531546621998885,0.5680848687883863
data augmentation,0.9792657733109994,0.9527861529871582,0.8416917922948074,0.9650893355667225,0.9622892238972641,0.981217197096594,0.9470565791922577
