,test_set 1,test_set 2,test_set 3,test_set 4,test_set 5,test_set 6,avg_auc
constant model,0.5,0.5,0.5,0.5,0.5,0.5,0.5
naive bayes,0.867819653824679,0.9733975432719152,0.24871021775544389,0.7734952540480179,0.95285594639866,0.058967057509771076,0.9880294993485949
preprocessing,0.9853350083752094,0.9898994974874371,0.9867671691792296,0.9906337241764378,0.9855025125628141,0.9900390843104412,0.9880294993485949
LDA,0.9700893355667225,0.9738274706867671,0.9732356225572306,0.9724790619765493,0.9684701284198771,0.9759017308766054,0.9723338916806252
Ridge Regression,,,,,,,
data augmentation,0.971998883305416,0.9385957565605807,0.8028671133445003,0.9715661641541038,0.9241903964265774,0.9743299832495813,0.9304504001488926
