,train_set 1,train_set 2,train_set 3,train_set 4,train_set 5,train_set 6,avg_auc
constant model,0.5,0.5,0.5,0.5,0.5,0.5,0.5
naive bayes,0.9919318816303742,0.9881518704634282,0.9854885538805136,0.9903796761585706,0.9893160245672808,0.9896929089893914,0.9891601526149265
preprocessing,0.9919318816303742,0.9881518704634282,0.9854885538805136,0.9903796761585706,0.9893160245672808,0.9896929089893914,0.9891601526149265
LDA,0.9728280290340592,0.9705136795086544,0.9685985482970407,0.9769849246231156,0.969503070910106,0.9756867671691792,0.9723525032570258
Ridge Regression,,,,,,,
data augmentation,0.9767783361250698,0.9246119486320492,0.8056672250139587,0.9533528754885539,0.9365494137353434,0.9819821328866555,0.9298236553136051
