,test_set 1,test_set 2,test_set 3,test_set 4,test_set 5,test_set 6,avg_auc
constant model,0.5,0.5,0.5,0.5,0.5,0.5,0.5
naive bayes,0.8724567280848687,0.9592266890005584,0.22668341708542714,0.8000111669458404,0.9599162479061977,0.06052205471803462,0.9891601526149265
preprocessing,0.9919318816303742,0.9881518704634282,0.9854885538805136,0.9903796761585706,0.9893160245672808,0.9896929089893914,0.9891601526149265
LDA,0.9728280290340592,0.9705136795086544,0.9685985482970407,0.9769849246231156,0.969503070910106,0.9756867671691792,0.9723525032570258
Ridge Regression,,,,,,,
data augmentation,0.9768676716917923,0.9258151870463427,0.7995421552205471,0.8628280290340592,0.9373422668900057,0.9812786152987159,0.9298236553136051
