,test_set 1,test_set 2,test_set 3,test_set 4,test_set 5,test_set 6,avg_bac
constant model,0.5,0.5,0.5,0.5,0.5,0.5,0.5
naive bayes,0.49777777777777776,0.49972222222222223,0.3877777777777778,0.49944444444444447,0.5,0.38722222222222225,0.4619907407407408
preprocessing,0.5,0.5,0.4688888888888889,0.5,0.5,0.49944444444444447,0.49472222222222223
data augmentation,0.8906462869905081,0.49916666666666665,0.5,0.5,0.5120072585147962,0.5,0.5669700353619952
