,test_set 1,test_set 2,test_set 3,test_set 4,test_set 5,test_set 6,avg_bac
constant model,0.5,0.5,0.5,0.5,0.5,0.5,0.5
naive bayes,0.4986111111111111,0.49972222222222223,0.3977777777777778,0.5,0.5,0.41083333333333333,0.467824074074074
preprocessing,0.939748743718593,0.9297110552763819,0.9266554997208264,0.9361125069793411,0.9305443886097153,0.9383598548297041,0.9335220081890937
LDA,0.7876186487995533,0.5,0.7661111111111112,0.8451298157453937,0.49944444444444447,0.5902777777777778,0.6647636329797134
Ridge Regression,0.4986111111111111,0.5,0.9341541038525962,0.49916666666666665,0.5,0.7786111111111111,0.6184238321235809
data augmentation,0.8942950865438303,0.7212688442211055,0.5,0.5,0.7094891122278058,0.5,0.6375088404987902
