,train_set 1,train_set 2,train_set 3,train_set 4,train_set 5,train_set 6,avg_bac
constant model,0.5,0.5,0.5,0.5,0.5,0.5,0.5
naive bayes,0.9171608040201005,0.9330569514237856,0.9263651591289783,0.9378042992741485,0.910746789503071,0.9344458403126745,0.9265966406104598
preprocessing,0.9171608040201005,0.9330569514237856,0.9263651591289783,0.9378042992741485,0.910746789503071,0.9344458403126745,0.9265966406104598
LDA,0.7465717476270239,0.7504731993299834,0.7401326074818537,0.7097040759352318,0.7206002233389168,0.7451702959240647,0.7354420249395123
Ridge Regression,0.49972222222222223,0.49944444444444447,0.5,0.49916666666666665,0.49944444444444447,0.49944444444444447,0.49953703703703706
data augmentation,0.858285873813512,0.6513847012841988,0.5,0.5,0.6757272473478504,0.5,0.6142329704075935
