,train_set 1,train_set 2,train_set 3,train_set 4,train_set 5,train_set 6,avg_bac
constant model,0.5,0.5,0.5,0.5,0.5,0.5,0.5
naive bayes,0.939748743718593,0.9297110552763819,0.9266554997208264,0.9361125069793411,0.9305443886097153,0.9383598548297041,0.9335220081890937
preprocessing,0.939748743718593,0.9297110552763819,0.9266554997208264,0.9361125069793411,0.9305443886097153,0.9383598548297041,0.9335220081890937
LDA,0.772821049692909,0.7041359575656059,0.6843132328308208,0.770573701842546,0.7323297040759352,0.7686166945840313,0.7387983900986413
Ridge Regression,0.4988888888888889,0.49944444444444447,0.49944444444444447,0.49916666666666665,0.49833333333333335,0.49972222222222223,0.4991666666666667
data augmentation,0.8942950865438303,0.7223925181462869,0.5,0.5,0.7161934673366834,0.5,0.6388135120044668
