,test_set 1,test_set 2,test_set 3,test_set 4,test_set 5,test_set 6,avg_bac
constant model,0.5,0.5,0.5,0.5,0.5,0.5,0.5
naive bayes,0.49777777777777776,0.49972222222222223,0.39444444444444443,0.49972222222222223,0.5,0.4113888888888889,0.4671759259259259
preprocessing,0.9171608040201005,0.9330569514237856,0.9263651591289783,0.9378042992741485,0.910746789503071,0.9344458403126745,0.9265966406104598
LDA,0.7853838637632607,0.5,0.7625,0.78035873813512,0.49972222222222223,0.6055555555555555,0.6555867299460264
Ridge Regression,0.5022347850362926,0.5,0.9305555555555556,0.49916666666666665,0.5,0.7849999999999999,0.6194928345430858
data augmentation,0.858285873813512,0.6421677833612507,0.5,0.5,0.6751591289782245,0.5,0.6126021310254979
