,test_set 1,test_set 2,test_set 3
dumb model,0.5,0.5,0.5
naive model,0.8627777777777778,0.8861111111111112,0.7766666666666666
augmented naive model,0.72,0.8766666666666667,0.9291666666666666
