{
    "auc_1": 0.8707928531546623,
    "bac_1": 0.49666666666666665,
    "auc_2": 0.9577666108319374,
    "bac_2": 0.49972222222222223,
    "auc_3": 0.19064768285873815,
    "bac_3": 0.3947222222222222,
    "auc_4": 0.7495756560580681,
    "bac_4": 0.49972222222222223,
    "auc_5": 0.9632021217197096,
    "bac_5": 0.5,
    "auc_6": 0.06345896147403686,
    "bac_6": 0.42388888888888887,
    "auc": 0.6325739810161921,
    "bac": 0.46912037037037035
}