{
    "auc_1": 0.8750921273031826,
    "bac_1": 0.49777777777777776,
    "auc_2": 0.9636041317699608,
    "bac_2": 0.49972222222222223,
    "auc_3": 0.17886376326074815,
    "bac_3": 0.3877777777777778,
    "auc_4": 0.8029704075935232,
    "bac_4": 0.49944444444444447,
    "auc_5": 0.9709073143495254,
    "bac_5": 0.5,
    "auc_6": 0.0598324958123953,
    "bac_6": 0.38722222222222225,
    "auc": 0.6418783733482226,
    "bac": 0.4619907407407408
}