{
    "auc_1": 0.8724567280848687,
    "bac_1": 0.4986111111111111,
    "auc_2": 0.9592266890005584,
    "bac_2": 0.49972222222222223,
    "auc_3": 0.22668341708542714,
    "bac_3": 0.3977777777777778,
    "auc_4": 0.8000111669458404,
    "bac_4": 0.5,
    "auc_5": 0.9599162479061977,
    "bac_5": 0.5,
    "auc_6": 0.06052205471803462,
    "bac_6": 0.41083333333333333,
    "auc": 0.6464693839568211,
    "bac": 0.467824074074074
}