{"seed": 198, "ground_truth_mu": 0.95, "case": null, "problem_dimension": 2, "total_number_of_events": 99231, "p_b": 0.9, "theta": 0, "L": 2, "generator": "normal", "background_distribution": {"name": "Gaussian", "mu": [0, 0], "sigma": [1, 1]}, "signal_from_background": true, "signal_sigma_scale": 0.3, "systematics": [{"name": "Translation", "z_magnitude": 4.442678809737565, "alpha": 45.0}], "train_comment": "", "test_comment": "", "box_center": [2.0, 0.0], "signal_center": [1.9977200580649896, -0.0009741928349329845], "background_center": [0.0005431284070752781, -0.0035509637469883604], "signal_center_biased": [5.139168371064207, 3.140474120164287], "background_center_biased": [3.141991441406351, 3.137897349252202]}