{"seed": 196, "ground_truth_mu": 0.94, "case": null, "problem_dimension": 2, "total_number_of_events": 99520, "p_b": 0.91, "theta": 0, "L": 2, "generator": "normal", "background_distribution": {"name": "Gaussian", "mu": [0, 0], "sigma": [1, 1]}, "signal_from_background": true, "signal_sigma_scale": 0.3, "systematics": [{"name": "Translation", "z_magnitude": -2.219834467020469, "alpha": 45.0}], "train_comment": "", "test_comment": "", "box_center": [2.0, 0.0], "signal_center": [1.998643361729667, 0.0020129911770776416], "background_center": [-0.001363573037794812, -0.0005532287997561357], "signal_center_biased": [0.4289833569878624, -1.567647013564718], "background_center_biased": [-1.5710235777795867, -1.5702132335415482]}