{"seed": 197, "ground_truth_mu": 0.99, "case": null, "problem_dimension": 2, "total_number_of_events": 99399, "p_b": 0.9, "theta": 0, "L": 2, "generator": "normal", "background_distribution": {"name": "Gaussian", "mu": [0, 0], "sigma": [1, 1]}, "signal_from_background": true, "signal_sigma_scale": 0.3, "systematics": [{"name": "Translation", "z_magnitude": 5.01811309844417, "alpha": 45.0}], "train_comment": "", "test_comment": "", "box_center": [2.0, 0.0], "signal_center": [2.002512750581518, 0.0007806076129855634], "background_center": [-0.0038795552906069806, 0.0017565188394140952], "signal_center_biased": [5.550854551252424, 3.5491224082838944], "background_center_biased": [3.544462245380315, 3.5500983195102993]}