{"seed": 191, "ground_truth_mu": 0.98, "case": null, "problem_dimension": 2, "total_number_of_events": 99868, "p_b": 0.9, "theta": 0, "L": 2, "generator": "normal", "background_distribution": {"name": "Gaussian", "mu": [0, 0], "sigma": [1, 1]}, "signal_from_background": true, "signal_sigma_scale": 0.3, "systematics": [{"name": "Translation", "z_magnitude": 3.219055514934279, "alpha": 45.0}], "train_comment": "", "test_comment": "", "box_center": [2.0, 0.0], "signal_center": [1.9960119816918411, 0.0043983295328773875], "background_center": [0.0003675723718565357, 0.0021269501216822414], "signal_center_biased": [4.272227965317829, 2.280614313158861], "background_center_biased": [2.2765835559978265, 2.278342933747656]}