{"seed": 200, "ground_truth_mu": 0.94, "case": null, "problem_dimension": 2, "total_number_of_events": 99094, "p_b": 0.91, "theta": 0, "L": 2, "generator": "normal", "background_distribution": {"name": "Gaussian", "mu": [0, 0], "sigma": [1, 1]}, "signal_from_background": true, "signal_sigma_scale": 0.3, "systematics": [{"name": "Translation", "z_magnitude": 9.609343056663281, "alpha": 45.0}], "train_comment": "", "test_comment": "", "box_center": [2.0, 0.0], "signal_center": [1.996581387052965, -0.004278419035210975], "background_center": [0.002498786254202665, -0.00039484889947584125], "signal_center_biased": [8.791413025167461, 6.790553219079264], "background_center_biased": [6.797330424368612, 6.79443678921494]}