{"case": 4, "problem_dimension": 2, "total_number_of_events": 9767, "p_b": 0.91, "theta": 0, "L": 2, "generator": "normal", "background_distribution": {"name": "Gaussian", "mu": [0, 0], "sigma": [1, 1]}, "signal_from_background": true, "signal_sigma_scale": 0.3, "systematics": [{"name": "Translation", "z_magnitude": -0.7982480746025273, "alpha": 90}], "train_comment": "", "test_comment": "", "box_center": [2.0, 0.0], "signal_center": [1.99382148931587, -0.0028833185304041912], "background_center": [-0.01687079872611753, 0.011199070932272905], "signal_center_biased": [2.005109247906283, -0.8000593795775973], "background_center_biased": [-0.0009661028195856585, -0.8008885430246377]}