{"case": 3, "problem_dimension": 2, "total_number_of_events": 9943, "p_b": 0.91, "theta": 0, "L": 2, "generator": "normal", "background_distribution": {"name": "Gaussian", "mu": [0, 0], "sigma": [1, 1]}, "signal_from_background": true, "signal_sigma_scale": 0.3, "systematics": [], "train_comment": "", "test_comment": "", "box_center": [2.0, 0.0], "signal_center": [1.9920367377734745, 0.00944266377275525], "background_center": [-0.0032952657402906824, -0.008589938989790128], "signal_center_biased": [2.006334411909294, 0.009638857005547124], "background_center_biased": [0.0022756688841135816, -1.5221057989724275e-05]}