{"case": 4, "problem_dimension": 2, "total_number_of_events": 10010, "p_b": 0.89, "theta": 0, "L": 2, "generator": "normal", "background_distribution": {"name": "Gaussian", "mu": [0, 0], "sigma": [1, 1]}, "signal_from_background": true, "signal_sigma_scale": 0.3, "systematics": [], "train_comment": "", "test_comment": "", "box_center": [2.0, 0.0], "signal_center": [1.9724439313796247, -0.004735819537138578], "background_center": [-0.010379286890937187, -0.01594419385498931], "signal_center_biased": [2.0097662521263433, -0.005521736986692287], "background_center_biased": [-0.004695499560038379, 0.0073698834576478535]}