{"case": 5, "problem_dimension": 2, "total_number_of_events": 9786, "p_b": 0.9, "theta": 0, "L": 2, "generator": "normal", "background_distribution": {"name": "Gaussian", "mu": [0, 0], "sigma": [1, 1]}, "signal_from_background": true, "signal_sigma_scale": 0.3, "systematics": [{"name": "Translation", "z_magnitude": -0.036524260309429124, "alpha": 90}], "train_comment": "", "test_comment": "", "box_center": [2.0, 0.0], "signal_center": [1.9925337637773954, -0.007369281543620003], "background_center": [0.019644057706504993, 0.0006072293275894974], "signal_center_biased": [2.0038796011938613, -0.02634960402806091], "background_center_biased": [-0.001766797370594966, -0.04963332041638486]}