{"case": 4, "problem_dimension": 2, "total_number_of_events": 9936, "p_b": 0.91, "theta": 0, "L": 2, "generator": "normal", "background_distribution": {"name": "Gaussian", "mu": [0, 0], "sigma": [1, 1]}, "signal_from_background": true, "signal_sigma_scale": 0.3, "systematics": [], "train_comment": "", "test_comment": "", "box_center": [2.0, 0.0], "signal_center": [1.9998170148796675, 0.009009535964441201], "background_center": [-0.0003533174828456513, 0.013632834064123614], "signal_center_biased": [1.9973468029206642, 0.0009491345911503884], "background_center_biased": [-0.009377042856672506, -0.011675457452726476]}