{"case": 6, "problem_dimension": 2, "total_number_of_events": 9883, "p_b": 0.91, "theta": 0, "L": 2, "generator": "normal", "background_distribution": {"name": "Gaussian", "mu": [0, 0], "sigma": [1, 1]}, "signal_from_background": true, "signal_sigma_scale": 0.3, "systematics": [], "train_comment": "", "test_comment": "", "box_center": [2.0, 0.0], "signal_center": [2.0084325601848327, -0.0010316003720796663], "background_center": [0.001315349194878002, -0.0009509808078507707], "signal_center_biased": [2.002290913213093, 0.009870828890054549], "background_center_biased": [-0.002600755042130536, -0.009923532008356094]}