{"case": 1, "problem_dimension": 2, "total_number_of_events": 9880, "p_b": 0.9, "theta": 0, "L": 2, "generator": "normal", "background_distribution": {"name": "Gaussian", "mu": [0, 0], "sigma": [1, 1]}, "signal_from_background": true, "signal_sigma_scale": 0.3, "systematics": [{"name": "Translation", "z_magnitude": 0.40458705760009206, "alpha": 90}], "train_comment": "", "test_comment": "", "box_center": [2.0, 0.0], "signal_center": [1.9939960178090708, 0.010514146635582434], "background_center": [0.011337277910581325, -0.009915607719976472], "signal_center_biased": [1.9969010200122805, 0.4106680826018515], "background_center_biased": [0.013598972129348233, 0.3874251957418158]}