{"case": 6, "problem_dimension": 2, "total_number_of_events": 10079, "p_b": 0.89, "theta": 0, "L": 2, "generator": "normal", "background_distribution": {"name": "Gaussian", "mu": [0, 0], "sigma": [1, 1]}, "signal_from_background": true, "signal_sigma_scale": 0.3, "systematics": [{"name": "Translation", "z_magnitude": -1.8779006633390187, "alpha": 90}], "train_comment": "", "test_comment": "", "box_center": [2.0, 0.0], "signal_center": [2.0126430284400576, 0.0009464027701806621], "background_center": [-0.0006040901679630849, 0.004077327094857656], "signal_center_biased": [2.003186343537744, -1.8706185400272615], "background_center_biased": [-0.0041184915000120675, -1.8904624984190233]}