{"case": 3, "problem_dimension": 2, "total_number_of_events": 9929, "p_b": 0.91, "theta": 0, "L": 2, "generator": "normal", "background_distribution": {"name": "Gaussian", "mu": [0, 0], "sigma": [1, 1]}, "signal_from_background": true, "signal_sigma_scale": 0.3, "systematics": [{"name": "Translation", "z_magnitude": 1.2262288777865398, "alpha": 90}], "train_comment": "", "test_comment": "", "box_center": [2.0, 0.0], "signal_center": [2.0131059354001026, -0.006673026756707223], "background_center": [0.018627200397256974, 0.003398078786193299], "signal_center_biased": [1.9948739558899073, 1.1980233241701255], "background_center_biased": [-7.491103873860385e-05, 1.2345613620450966]}