{"case": 5, "problem_dimension": 2, "total_number_of_events": 10027, "p_b": 0.91, "theta": 0, "L": 2, "generator": "normal", "background_distribution": {"name": "Gaussian", "mu": [0, 0], "sigma": [1, 1]}, "signal_from_background": true, "signal_sigma_scale": 0.3, "systematics": [], "train_comment": "", "test_comment": "", "box_center": [2.0, 0.0], "signal_center": [2.008250888526042, 0.010662562513632247], "background_center": [0.017259801235496586, -0.007594055298888639], "signal_center_biased": [2.003609664349542, -0.006409843802786569], "background_center_biased": [-0.008175349456075197, 0.009475912590160332]}