{"case": 1, "problem_dimension": 2, "total_number_of_events": 9970, "p_b": 0.9, "theta": 0, "L": 2, "generator": "normal", "background_distribution": {"name": "Gaussian", "mu": [0, 0], "sigma": [1, 1]}, "signal_from_background": true, "signal_sigma_scale": 0.3, "systematics": [], "train_comment": "", "test_comment": "", "box_center": [2.0, 0.0], "signal_center": [2.0091639548561457, 0.015469727938274525], "background_center": [0.014998261905536658, -0.01097370715902939], "signal_center_biased": [2.0047448895278897, -0.006533744067031261], "background_center_biased": [0.0106141046916015, -0.005829637557971898]}