{"case": 6, "problem_dimension": 2, "total_number_of_events": 9951, "p_b": 0.89, "theta": 0, "L": 2, "generator": "normal", "background_distribution": {"name": "Gaussian", "mu": [0, 0], "sigma": [1, 1]}, "signal_from_background": true, "signal_sigma_scale": 0.3, "systematics": [], "train_comment": "", "test_comment": "", "box_center": [2.0, 0.0], "signal_center": [1.998250119229584, -0.0011717781306588113], "background_center": [-0.0023669202647837746, -2.7068206258389355e-05], "signal_center_biased": [2.004225609975201, -0.0002654749319513536], "background_center_biased": [-0.00214273381058188, 0.019479810132953315]}