{"case": 3, "problem_dimension": 2, "total_number_of_events": 10070, "p_b": 0.9, "theta": 0, "L": 2, "generator": "normal", "background_distribution": {"name": "Gaussian", "mu": [0, 0], "sigma": [1, 1]}, "signal_from_background": true, "signal_sigma_scale": 0.3, "systematics": [], "train_comment": "", "test_comment": "", "box_center": [2.0, 0.0], "signal_center": [2.0121226335247298, 0.013711409506117728], "background_center": [-0.006196832414976813, 0.002845833803078037], "signal_center_biased": [2.003099035150912, -0.02388760481057688], "background_center_biased": [0.0037441321225265573, 0.0004930520136875257]}