{"case": 2, "problem_dimension": 2, "total_number_of_events": 10006, "p_b": 0.9, "theta": 0, "L": 2, "generator": "normal", "background_distribution": {"name": "Gaussian", "mu": [0, 0], "sigma": [1, 1]}, "signal_from_background": true, "signal_sigma_scale": 0.3, "systematics": [], "train_comment": "", "test_comment": "", "box_center": [2.0, 0.0], "signal_center": [1.9910257117936867, -0.011296195179448451], "background_center": [0.009127969163297079, -0.010790143767749717], "signal_center_biased": [2.0056490113317036, -0.014052370134417626], "background_center_biased": [0.01351706679981516, 0.005746590817005328]}