{"case": 5, "problem_dimension": 2, "total_number_of_events": 10240, "p_b": 0.9, "theta": 0, "L": 2, "generator": "normal", "background_distribution": {"name": "Gaussian", "mu": [0, 0], "sigma": [1, 1]}, "signal_from_background": true, "signal_sigma_scale": 0.3, "systematics": [], "train_comment": "", "test_comment": "", "box_center": [2.0, 0.0], "signal_center": [2.0082282986328837, 0.0005161933514391539], "background_center": [-0.012720298023947927, 0.005420830839789883], "signal_center_biased": [1.990117565892977, 0.02002601512145981], "background_center_biased": [-0.005658394934098813, 0.0016285049263938733]}