{"case": 2, "problem_dimension": 2, "total_number_of_events": 9986, "p_b": 0.9, "theta": 0, "L": 2, "generator": "normal", "background_distribution": {"name": "Gaussian", "mu": [0, 0], "sigma": [1, 1]}, "signal_from_background": true, "signal_sigma_scale": 0.3, "systematics": [{"name": "Translation", "z_magnitude": 0.6532211375136487, "alpha": 90}], "train_comment": "", "test_comment": "", "box_center": [2.0, 0.0], "signal_center": [1.9936958892162417, -0.014175860059852892], "background_center": [-0.01094780192287246, 0.012708807833431758], "signal_center_biased": [2.0184918757518777, 0.6438970484723556], "background_center_biased": [0.005678087552489031, 0.6427772914898279]}