{"case": 4, "problem_dimension": 2, "total_number_of_events": 9842, "p_b": 0.9, "theta": 0, "L": 2, "generator": "normal", "background_distribution": {"name": "Gaussian", "mu": [0, 0], "sigma": [1, 1]}, "signal_from_background": true, "signal_sigma_scale": 0.3, "systematics": [], "train_comment": "", "test_comment": "", "box_center": [2.0, 0.0], "signal_center": [2.0100703161755766, 0.005728365343774588], "background_center": [0.005581213086812456, -0.019782762329846378], "signal_center_biased": [1.9903209100459716, -0.0008464897132752639], "background_center_biased": [0.004489588903593695, -0.014229081226576014]}