{"case": 2, "problem_dimension": 2, "total_number_of_events": 9952, "p_b": 0.9, "theta": 0, "L": 2, "generator": "normal", "background_distribution": {"name": "Gaussian", "mu": [0, 0], "sigma": [1, 1]}, "signal_from_background": true, "signal_sigma_scale": 0.3, "systematics": [], "train_comment": "", "test_comment": "", "box_center": [2.0, 0.0], "signal_center": [2.0001366142557533, 0.004607384556663301], "background_center": [-0.020410297750292666, 0.008545648345337106], "signal_center_biased": [2.013669212175399, 0.003096299148867183], "background_center_biased": [0.004447942663972803, 0.003509468578878492]}