{"case": 1, "problem_dimension": 2, "total_number_of_events": 10186, "p_b": 0.9, "theta": 0, "L": 2, "generator": "normal", "background_distribution": {"name": "Gaussian", "mu": [0, 0], "sigma": [1, 1]}, "signal_from_background": true, "signal_sigma_scale": 0.3, "systematics": [], "train_comment": "", "test_comment": "", "box_center": [2.0, 0.0], "signal_center": [2.0134609603793887, -0.009919777336162266], "background_center": [-0.013448816058971068, 0.012352010936143763], "signal_center_biased": [2.0004173134743928, -0.011568307392261754], "background_center_biased": [0.00423575480725423, -0.0029179814100656408]}