{"case": 1, "problem_dimension": 2, "total_number_of_events": 9801, "p_b": 0.9, "theta": 0, "L": 2, "generator": "normal", "background_distribution": {"name": "Gaussian", "mu": [0, 0], "sigma": [1, 1]}, "signal_from_background": true, "signal_sigma_scale": 0.3, "systematics": [], "train_comment": "", "test_comment": "", "box_center": [2.0, 0.0], "signal_center": [1.9958341620540683, -0.006064055728391398], "background_center": [0.0003297816499057494, 0.004417920494748637], "signal_center_biased": [1.995777647613975, 0.00092995858383706], "background_center_biased": [-0.006540269256860475, -0.005731997603240691]}