{"case": 6, "problem_dimension": 2, "total_number_of_events": 9928, "p_b": 0.89, "theta": 0, "L": 2, "generator": "normal", "background_distribution": {"name": "Gaussian", "mu": [0, 0], "sigma": [1, 1]}, "signal_from_background": true, "signal_sigma_scale": 0.3, "systematics": [], "train_comment": "", "test_comment": "", "box_center": [2.0, 0.0], "signal_center": [1.9870028766244119, 0.009910205415124473], "background_center": [0.01825950045018054, 0.014231231278503073], "signal_center_biased": [2.0047595066830945, -0.008598070325915287], "background_center_biased": [-0.0037447939670607615, -0.01130301086641105]}