{"case": 2, "problem_dimension": 2, "total_number_of_events": 10026, "p_b": 0.89, "theta": 0, "L": 2, "generator": "normal", "background_distribution": {"name": "Gaussian", "mu": [0, 0], "sigma": [1, 1]}, "signal_from_background": true, "signal_sigma_scale": 0.3, "systematics": [], "train_comment": "", "test_comment": "", "box_center": [2.0, 0.0], "signal_center": [1.9948774622328362, -0.003339470127000662], "background_center": [0.00830059267756078, -0.0009315498657392558], "signal_center_biased": [2.0086363340023903, -0.003210258983150933], "background_center_biased": [0.008187639332252321, 0.008320040542378875]}