{"case": 3, "problem_dimension": 2, "total_number_of_events": 10074, "p_b": 0.9, "theta": 0, "L": 2, "generator": "normal", "background_distribution": {"name": "Gaussian", "mu": [0, 0], "sigma": [1, 1]}, "signal_from_background": true, "signal_sigma_scale": 0.3, "systematics": [], "train_comment": "", "test_comment": "", "box_center": [2.0, 0.0], "signal_center": [1.9966502816176281, 0.014255993576099723], "background_center": [0.010334820772212226, 0.006675116478307189], "signal_center_biased": [1.9863462365530207, -0.0010495368996164991], "background_center_biased": [-0.004303789817085945, -0.009577402358416686]}