{"case": 5, "problem_dimension": 2, "total_number_of_events": 9867, "p_b": 0.9, "theta": 0, "L": 2, "generator": "normal", "background_distribution": {"name": "Gaussian", "mu": [0, 0], "sigma": [1, 1]}, "signal_from_background": true, "signal_sigma_scale": 0.3, "systematics": [], "train_comment": "", "test_comment": "", "box_center": [2.0, 0.0], "signal_center": [2.0063387500338448, 0.01646803766416919], "background_center": [0.012170546045615287, 0.00664063728053104], "signal_center_biased": [1.985916443176801, -0.01438688735125846], "background_center_biased": [0.007115317106285542, 0.019267426508195802]}